{
    "mean": [
        105.35487365722656,
        107.83124542236328,
        109.66862487792969
    ],
    "std": [
        71.02975463867188,
        73.66189575195312,
        73.12078857421875
    ],
    "class_weights": [
        10.476902421500096,
        10.343219916410925,
        9.172139777681888,
        10.357671597596159,
        1.6506240053327152,
        5.480649971439711,
        10.409396320979086,
        10.392302191693153,
        7.9933726768675974,
        6.994173109933789,
        6.736197383288014
    ]
}