{"mean": [73.15841674804688, 82.9089584350586, 72.39238739013672], "std": [44.91484069824219, 46.15289306640625, 45.3192138671875], "class_weights": [10.492058687257062, 10.492058687257062, 10.492058687257062, 10.492058687257062, 5.818950094820061, 10.214172459499807, 9.409999149964431, 2.815683068070942, 6.987107132725079, 9.902340160476083, 10.314966450583121, 3.7886688542068065, 9.943228149922682, 9.770811251704094, 10.483289101840459, 10.213543537160014, 10.438407015991915, 10.492058687257062, 9.504668833187724, 10.311286003869704, 10.026370944158415, 4.6311725228856115, 9.561587433742355, 7.865169211470576, 9.517234613648801, 10.373761542949465, 6.663341950730245, 10.260583131743187, 10.2879377241608, 10.45222334492263, 10.471240470444204, 10.28988278598471, 10.405409027370757, 10.1383107201221]}